Date,WY
1985-01-01,1.8322478532791138
1985-02-01,1.802932620048523
1985-03-01,1.6563529968261719
1985-04-01,1.6605485677719116
1985-05-01,1.7124385833740234
1985-06-01,1.7050272226333618
1985-07-01,1.7391765117645264
1985-08-01,1.716687560081482
1985-09-01,1.5892480611801147
1985-10-01,1.6017731428146362
1985-11-01,1.8750618696212769
1985-12-01,1.867470622062683
1986-01-01,2.002680540084839
1986-02-01,2.248220205307007
1986-03-01,2.363316774368286
1986-04-01,2.275681495666504
1986-05-01,2.2989025115966797
1986-06-01,2.159576654434204
1986-07-01,2.0567009449005127
1986-08-01,2.306943893432617
1986-09-01,2.1740028858184814
1986-10-01,2.4692516326904297
1986-11-01,2.4850282669067383
1986-12-01,2.3824729919433594
1987-01-01,3.0267434120178223
1987-02-01,3.312734842300415
1987-03-01,3.6066715717315674
1987-04-01,3.509654998779297
1987-05-01,3.1339075565338135
1987-06-01,3.213853597640991
1987-07-01,3.283999443054199
1987-08-01,3.549616813659668
1987-09-01,3.3564391136169434
1987-10-01,2.4488043785095215
1987-11-01,2.286094903945923
1987-12-01,2.5220260620117188
1988-01-01,2.498363494873047
1988-02-01,2.835313320159912
1988-03-01,2.547675132751465
1988-04-01,2.495234489440918
1988-05-01,2.4453303813934326
1988-06-01,2.7322824001312256
1988-07-01,2.5127601623535156
1988-08-01,2.462254047393799
1988-09-01,2.44962739944458
1988-10-01,2.491713047027588
1988-11-01,2.5428245067596436
1988-12-01,2.5683820247650146
1989-01-01,2.7916550636291504
1989-02-01,2.675335168838501
1989-03-01,2.7528812885284424
1989-04-01,3.055767297744751
1989-05-01,3.108003854751587
1989-06-01,2.886002779006958
1989-07-01,3.351616859436035
1989-08-01,3.312030553817749
1989-09-01,3.114100456237793
1989-10-01,2.907599449157715
1989-11-01,2.9209372997283936
1989-12-01,2.9476118087768555
1990-01-01,2.6330738067626953
1990-02-01,2.6330738067626953
1990-03-01,2.7951102256774902
1990-04-01,2.679218292236328
1990-05-01,2.9936161041259766
1990-06-01,2.7885735034942627
1990-07-01,2.671255350112915
1990-08-01,2.26987624168396
1990-09-01,2.214512348175049
1990-10-01,2.0404438972473145
1990-11-01,2.1952362060546875
1990-12-01,2.462604522705078
1991-01-01,2.6229164600372314
1991-02-01,2.637171506881714
1991-03-01,2.7512102127075195
1991-04-01,3.0709125995635986
1991-05-01,3.503434896469116
1991-06-01,3.0853304862976074
1991-07-01,3.2652878761291504
1991-08-01,3.2215585708618164
1991-09-01,3.236133337020874
1991-10-01,3.25644850730896
1991-11-01,2.7701902389526367
1991-12-01,3.2417125701904297
1992-01-01,3.601013422012329
1992-02-01,3.9730217456817627
1992-03-01,4.106942176818848
1992-04-01,4.24576473236084
1992-05-01,4.080735206604004
1992-06-01,4.110742568969727
1992-07-01,4.164328575134277
1992-08-01,4.103756904602051
1992-09-01,4.255189418792725
1992-10-01,4.474854469299316
1992-11-01,4.7650346755981445
1992-12-01,4.505399227142334
1993-01-01,5.110047340393066
1993-02-01,5.125436305999756
1993-03-01,5.079261302947998
1993-04-01,5.501455783843994
1993-05-01,5.609938144683838
1993-06-01,5.284498691558838
1993-07-01,4.871738910675049
1993-08-01,5.0747246742248535
1993-09-01,5.090341091156006
1993-10-01,4.987568378448486
1993-11-01,5.506779193878174
1993-12-01,5.616915702819824
1994-01-01,6.189952850341797
1994-02-01,6.015810489654541
1994-03-01,5.47755241394043
1994-04-01,5.398397445678711
1994-05-01,5.309114933013916
1994-06-01,5.101851940155029
1994-07-01,5.3960700035095215
1994-08-01,5.861806392669678
1994-09-01,5.7333269119262695
1994-10-01,5.096452713012695
1994-11-01,4.967020034790039
1994-12-01,4.85376501083374
1995-01-01,4.939821720123291
1995-02-01,5.314787864685059
1995-03-01,5.070243835449219
1995-04-01,5.477818489074707
1995-05-01,5.777388572692871
1995-06-01,6.205345630645752
1995-07-01,6.208662509918213
1995-08-01,6.109059810638428
1995-09-01,6.059259414672852
1995-10-01,5.9115891456604
1995-11-01,6.062313556671143
1995-12-01,5.79436731338501
1996-01-01,6.234347343444824
1996-02-01,5.727490425109863
1996-03-01,6.234347343444824
1996-04-01,6.6905198097229
1996-05-01,6.1829400062561035
1996-06-01,5.7911834716796875
1996-07-01,5.726002216339111
1996-08-01,6.138686180114746
1996-09-01,6.345028877258301
1996-10-01,6.365398406982422
1996-11-01,6.382740497589111
1996-12-01,6.573531150817871
1997-01-01,6.368592262268066
1997-02-01,6.473569393157959
1997-03-01,6.246119976043701
1997-04-01,6.460695266723633
1997-05-01,7.043216228485107
1997-06-01,7.34330415725708
1997-07-01,8.847980499267578
1997-08-01,8.208366394042969
1997-09-01,8.457112312316895
1997-10-01,6.843150615692139
1997-11-01,7.568673610687256
1997-12-01,7.031251907348633
1998-01-01,7.198183536529541
1998-02-01,7.216245651245117
1998-03-01,8.16456127166748
1998-04-01,8.385781288146973
1998-05-01,7.394404411315918
1998-06-01,6.721360206604004
1998-07-01,6.168376922607422
1998-08-01,5.516659259796143
1998-09-01,6.195914268493652
1998-10-01,6.9388861656188965
1998-11-01,7.42988920211792
1998-12-01,7.531795501708984
1999-01-01,8.082322120666504
1999-02-01,8.324975967407227
1999-03-01,8.28764533996582
1999-04-01,10.042237281799316
1999-05-01,9.322190284729004
1999-06-01,10.326691627502441
1999-07-01,9.77601432800293
1999-08-01,8.500882148742676
1999-09-01,8.708677291870117
1999-10-01,9.085638046264648
1999-11-01,9.32348346710205
1999-12-01,10.931310653686523
2000-01-01,8.794086456298828
2000-02-01,7.864862442016602
2000-03-01,8.736605644226074
2000-04-01,8.180987358093262
2000-05-01,7.663108825683594
2000-06-01,6.640073776245117
2000-07-01,7.115800857543945
2000-08-01,7.215576171875
2000-09-01,6.317584037780762
2000-10-01,7.310486316680908
2000-11-01,6.872600555419922
2000-12-01,7.9722185134887695
2001-01-01,8.311018943786621
2001-02-01,8.507318496704102
2001-03-01,8.040318489074707
2001-04-01,8.948984146118164
2001-05-01,9.120763778686523
2001-06-01,8.763646125793457
2001-07-01,9.522523880004883
2001-08-01,9.108426094055176
2001-09-01,7.818004608154297
2001-10-01,8.074199676513672
2001-11-01,8.549821853637695
2001-12-01,8.748804092407227
2002-01-01,9.500656127929688
2002-02-01,10.070833206176758
2002-03-01,10.240260124206543
2002-04-01,9.710811614990234
2002-05-01,10.742409706115723
2002-06-01,10.471797943115234
2002-07-01,9.701896667480469
2002-08-01,9.001710891723633
2002-09-01,7.228120803833008
2002-10-01,7.545592308044434
2002-11-01,8.761548042297363
2002-12-01,8.196880340576172
2003-01-01,8.06962776184082
2003-02-01,8.371923446655273
2003-03-01,8.032685279846191
2003-04-01,8.395400047302246
2003-05-01,8.529139518737793
2003-06-01,9.141993522644043
2003-07-01,9.5975923538208
2003-08-01,10.144904136657715
2003-09-01,9.965875625610352
2003-10-01,10.339027404785156
2003-11-01,9.784571647644043
2003-12-01,10.986183166503906
2004-01-01,10.618128776550293
2004-02-01,11.272902488708496
2004-03-01,11.316094398498535
2004-04-01,10.291351318359375
2004-05-01,10.513862609863281
2004-06-01,10.972804069519043
2004-07-01,10.847716331481934
2004-08-01,10.936949729919434
2004-09-01,11.63155460357666
2004-10-01,11.030858039855957
2004-11-01,11.622552871704102
2004-12-01,11.837403297424316
2005-01-01,10.988601684570312
2005-02-01,11.861882209777832
2005-03-01,12.140132904052734
2005-04-01,12.159624099731445
2005-05-01,11.453691482543945
2005-06-01,11.364420890808105
2005-07-01,12.316070556640625
2005-08-01,11.694523811340332
2005-09-01,12.365409851074219
2005-10-01,11.392359733581543
2005-11-01,12.022005081176758
2005-12-01,12.027443885803223
2006-01-01,12.647490501403809
2006-02-01,12.470361709594727
2006-03-01,13.226353645324707
2006-04-01,12.868441581726074
2006-05-01,11.76442813873291
2006-06-01,11.449904441833496
2006-07-01,10.789581298828125
2006-08-01,11.523687362670898
2006-09-01,11.436335563659668
2006-10-01,11.819214820861816
2006-11-01,12.137311935424805
2006-12-01,13.257588386535645
2007-01-01,14.187638282775879
2007-02-01,16.251466751098633
2007-03-01,14.138455390930176
2007-04-01,14.985928535461426
2007-05-01,15.623044967651367
2007-06-01,15.045464515686035
2007-07-01,13.57961654663086
2007-08-01,13.104792594909668
2007-09-01,13.898728370666504
2007-10-01,14.592704772949219
2007-11-01,14.183782577514648
2007-12-01,14.292320251464844
2008-01-01,13.229287147521973
2008-02-01,11.969730377197266
2008-03-01,12.7207670211792
2008-04-01,12.610806465148926
2008-05-01,12.304811477661133
2008-06-01,10.095752716064453
2008-07-01,10.679888725280762
2008-08-01,11.085433006286621
2008-09-01,12.102280616760254
2008-10-01,7.635343074798584
2008-11-01,7.635117053985596
2008-12-01,6.2124128341674805
2009-01-01,5.597497463226318
2009-02-01,4.946436882019043
2009-03-01,5.644586563110352
2009-04-01,7.271597385406494
2009-05-01,6.925131797790527
2009-06-01,6.275517463684082
2009-07-01,7.236605644226074
2009-08-01,7.721938610076904
2009-09-01,7.569110870361328
2009-10-01,7.505087852478027
2009-11-01,8.053003311157227
2009-12-01,8.92159366607666
2010-01-01,8.261478424072266
2010-02-01,8.365004539489746
2010-03-01,9.373360633850098
2010-04-01,10.263579368591309
2010-05-01,8.825188636779785
2010-06-01,7.295597553253174
2010-07-01,9.12545108795166
2010-08-01,8.832898139953613
2010-09-01,8.866655349731445
2010-10-01,9.12545108795166
2010-11-01,9.418574333190918
2010-12-01,10.682661056518555
2011-01-01,13.081035614013672
2011-02-01,13.861974716186523
2011-03-01,13.969871520996094
2011-04-01,13.06694221496582
2011-05-01,12.313959121704102
2011-06-01,12.49689769744873
2011-07-01,11.42785930633545
2011-08-01,10.39653491973877
2011-09-01,8.966503143310547
2011-10-01,10.367700576782227
2011-11-01,9.766546249389648
2011-12-01,10.860116004943848
2012-01-01,11.645395278930664
2012-02-01,12.237524032592773
2012-03-01,12.840904235839844
2012-04-01,11.927045822143555
2012-05-01,11.752150535583496
2012-06-01,13.198296546936035
2012-07-01,13.7826566696167
2012-08-01,14.793676376342773
2012-09-01,15.524150848388672
2012-10-01,16.44467544555664
2012-11-01,16.46965217590332
2012-12-01,16.625024795532227
2013-01-01,17.999494552612305
2013-02-01,17.67758560180664
2013-03-01,18.861705780029297
2013-04-01,18.33877182006836
2013-05-01,18.038999557495117
2013-06-01,17.234451293945312
2013-07-01,17.179996490478516
2013-08-01,16.697383880615234
2013-09-01,17.459680557250977
2013-10-01,18.68410301208496
2013-11-01,18.5059814453125
2013-12-01,19.39044189453125
2014-01-01,18.35242462158203
2014-02-01,18.25943946838379
2014-03-01,18.16044044494629
2014-04-01,18.46981430053711
2014-05-01,19.583635330200195
2014-06-01,20.624526977539062
2014-07-01,19.521303176879883
2014-08-01,21.341094970703125
2014-09-01,20.027313232421875
2014-10-01,21.466922760009766
2014-11-01,22.386211395263672
2014-12-01,22.753923416137695
2015-01-01,22.728561401367188
2015-02-01,22.44464111328125
2015-03-01,21.191680908203125
2015-04-01,20.143278121948242
2015-05-01,20.814510345458984
2015-06-01,20.318635940551758
2015-07-01,19.796161651611328
2015-08-01,18.022314071655273
2015-09-01,17.83525276184082
2015-10-01,19.339948654174805
2015-11-01,21.21261978149414
2015-12-01,19.7685546875
2016-01-01,16.887014389038086
2016-02-01,17.130992889404297
2016-03-01,20.66292381286621
2016-04-01,21.42327117919922
2016-05-01,21.009746551513672
2016-06-01,20.055208206176758
2016-07-01,22.042543411254883
2016-08-01,21.456445693969727
2016-09-01,21.726442337036133
2016-10-01,20.563833236694336
2016-11-01,21.182191848754883
2016-12-01,20.673763275146484
2017-01-01,21.52572250366211
2017-02-01,23.167800903320312
2017-03-01,23.56307029724121
2017-04-01,23.486787796020508
2017-05-01,22.85576057434082
2017-06-01,23.447784423828125
2017-07-01,23.1118106842041
2017-08-01,22.82484245300293
2017-09-01,24.043041229248047
2017-10-01,25.371309280395508
2017-11-01,25.225065231323242
2017-12-01,25.13950538635254
2018-01-01,26.76508903503418
2018-02-01,24.97551727294922
2018-03-01,25.18419075012207
2018-04-01,26.46499252319336
2018-05-01,26.86073875427246
2018-06-01,26.455482482910156
2018-07-01,24.801105499267578
2018-08-01,25.185672760009766
2018-09-01,23.64832878112793
2018-10-01,19.51518440246582
2018-11-01,19.60125160217285
2018-12-01,16.224285125732422
2019-01-01,19.475080490112305
2019-02-01,18.719327926635742
2019-03-01,19.80985450744629
2019-04-01,20.155813217163086
2019-05-01,17.147478103637695
2019-06-01,20.10269546508789
2019-07-01,19.392919540405273
2019-08-01,20.079797744750977
2019-09-01,21.41415786743164
2019-10-01,22.581497192382812
2019-11-01,22.81342315673828
2019-12-01,23.61812973022461
2020-01-01,22.640560150146484
2020-02-01,20.317848205566406
2020-03-01,13.416777610778809
2020-04-01,17.311208724975586
2020-05-01,15.981402397155762
2020-06-01,17.77821922302246
2020-07-01,22.013015747070312
2020-08-01,23.99188995361328
2020-09-01,22.57501792907715
2020-10-01,21.601409912109375
2020-11-01,22.986621856689453
2020-12-01,26.69778060913086
2021-01-01,24.834592819213867
2021-02-01,26.968496322631836
2021-03-01,28.490436553955078
2021-04-01,31.027366638183594
2021-05-01,30.37912368774414
2021-06-01,27.670673370361328
2021-07-01,27.115970611572266
2021-08-01,28.940855026245117
2021-09-01,28.729646682739258
2021-10-01,29.25979232788086
2021-11-01,30.80797004699707
2021-12-01,33.88535690307617
2022-01-01,33.268211364746094
2022-02-01,33.1407585144043
2022-03-01,32.453338623046875
2022-04-01,35.29621887207031
2022-05-01,33.840538024902344
2022-06-01,28.49277114868164
2022-07-01,31.245695114135742
2022-08-01,29.38747215270996
2022-09-01,24.70000648498535
2022-10-01,26.74969482421875
2022-11-01,28.289119720458984
2022-12-01,26.958581924438477
2023-01-01,29.941423416137695
2023-02-01,27.910480499267578
2023-03-01,27.072528839111328
2023-04-01,26.87485122680664
2023-05-01,25.7517032623291
2023-06-01,30.31048583984375
2023-07-01,30.8079776763916
2023-08-01,29.794071197509766
2023-09-01,27.892711639404297
2023-10-01,26.10051727294922
2023-11-01,28.69240379333496
2023-12-01,31.82248878479004
2024-01-01,29.992034912109375
2024-02-01,31.599485397338867
2024-03-01,33.19786071777344
2024-04-01,27.891380310058594
2024-05-01,27.95004653930664
2024-06-01,26.423633575439453
2024-07-01,29.560218811035156
2024-08-01,28.565555572509766
2024-09-01,31.722850799560547
2024-10-01,29.193269729614258
2024-11-01,30.4118595123291
2024-12-01,26.537317276000977
2025-01-01,28.865814208984375
2025-02-01,28.375600814819336
2025-03-01,27.795734405517578
2025-04-01,24.596567153930664
2025-05-01,24.796539306640625
2025-06-01,24.58599281311035
2025-07-01,23.973495483398438
2025-08-01,24.960247039794922
2025-09-01,23.918228149414062
2025-10-01,22.191173553466797
2025-11-01,21.633039474487305
2025-12-01,23.074596405029297
2026-01-01,25.110301971435547
2026-02-01,23.89277458190918
2026-03-01,24.00152015686035
2026-04-01,24.089941024780273
2026-05-01,24.080116271972656
2026-06-01,23.721797943115234
2026-07-01,24.801862716674805
2026-08-01,23.156993865966797
2026-09-01,20.139999389648438
